A162761,(((n)**2 idiv 2) add (x_0_1 idiv n)),"nonn,more","0, 2, 4, 9, 13, 20, 26, 35, 43, 54, 64, 77, 89, 104, 118, 135, 151, 170, 188, 209, 229, 252, 274, 299, 323, 350, 376, 405, 433, 464, 494, 527, 559, 594, 628, 665, 701, 740, 778, 819, 859, 902, 944, 989, 1033, 1080, 1126, 1175, 1223, 1274, 1324, 1377, 1429",53
A271911,(x_0_2 add (2 mul (2 add n))),"nonn,more","0, 4, 10, 16, 24, 32, 42, 52, 64, 76, 90, 104, 120, 136, 154, 172, 192, 212, 234, 256, 280, 304, 330, 356, 384, 412, 442, 472, 504, 536, 570, 604, 640, 676, 714, 752, 792, 832, 874, 916, 960, 1004, 1050, 1096, 1144, 1192, 1242, 1292, 1344, 1396, 1450, 1504",52
A333525,((-4 mod ((n add n))**2) idiv ((8 add n) mul n)),"nonn,more","0, 0, 0, 1, 1, 1, 1, 1, 2, 2, 2, 2, 2, 2, 2, 2, 2, 2, 2, 2, 2, 2, 2, 2, 3, 3, 3, 3, 3, 3, 3, 3, 3, 3, 3, 3, 3, 3, 3, 3, 3, 3, 3, 3, 3, 3, 3, 3, 3, 3",50
A097648,(x_0_4 mul 0),"base,nonn,more","10040, 110440, 1014040, 11154440, 0, 0, 0, 0, 0, 0, 0, 0, 0, 0, 0, 0, 0, 0, 0, 0, 0, 0, 0, 0, 0, 0, 0, 0, 0, 0, 0, 0, 0, 0, 0, 0, 0, 0, 0, 0, 0, 0, 0, 0, 0, 0, 0, 0, 0",49
A352745,((x_0_2 add sign(x_0_5)) add (n mod 2)),"nonn,more","1, 1, 1, 2, 2, 3, 4, 4, 6, 5, 8, 6, 10, 7, 12, 8, 14, 9, 16, 10, 18, 11, 20, 12, 22, 13, 24, 14, 26, 15, 28, 16, 30, 17, 32, 18, 34, 19, 36, 20, 38, 21, 40, 22, 42, 23, 44",47
A287866,(((8 sub (n idiv (10 idiv (-7 idiv (1 mod (2 mul 1)))))) idiv 8) mod n),"nonn,more","0, 1, 1, 1, 1, 1, 1, 1, 1, 1, 1, 1, 1, 1, 2, 2, 2, 2, 2, 2, 2, 2, 2, 2, 2, 2, 2, 2, 2, 2, 3, 3, 3, 3, 3, 3, 3, 3, 3, 3, 3, 3, 3, 3, 3",45
A271485,((x_0_2 mul 2) add (x_0_4 sub x_0_6)),"nonn,more","1, 2, 3, 5, 7, 11, 16, 25, 36, 56, 81, 126, 182, 283, 409, 636, 919, 1429, 2065, 3211, 4640, 7215, 10426, 16212, 23427, 36428, 52640, 81853, 118281, 183922, 265775, 413269, 597191, 928607, 1341876, 2086561, 3015168, 4688460, 6775021, 10534874, 15223334",41
A329682,(x_0_3 mul x_0_6),"nonn,walk,more","1, 1, 1, 1, 0, 1, 1, 0, 1, 1, 0, 1, 1, 0, 1, 1, 0, 1, 1, 0, 1, 1, 0, 1, 1, 0, 1, 1, 0, 1, 1, 0, 1, 1, 0, 1, 1, 0, 1, 1, 0",41
A212342,(x_0_1 add (n sub sign(x_0_3))),"nonn,more","1, 1, 2, 5, 9, 14, 20, 27, 35, 44, 54, 65, 77, 90, 104, 119, 135, 152, 170, 189, 209, 230, 252, 275, 299, 324, 350, 377, 405, 434, 464, 495, 527, 560, 594, 629",36
A138289,(x_0_4 add x_0_1),"nonn,more","1, 3, 6, 10, 11, 14, 20, 30, 41, 55, 75, 105, 146, 201, 276, 381, 527, 728, 1004, 1385, 1912, 2640, 3644, 5029, 6941, 9581, 13225, 18254, 25195, 34776, 48001, 66255, 91450, 126226, 174227",35
A307753,(x_0_4 idiv 3),"nonn,base,hard,more","3, 1, 0, 1, 1, 0, 0, 0, 0, 0, 0, 0, 0, 0, 0, 0, 0, 0, 0, 0, 0, 0, 0, 0, 0, 0, 0, 0, 0, 0, 0, 0, 0, 0, 0",35
A078113,((2 mul x_0_2) add 3),"nonn,more","2, 6, 7, 15, 17, 33, 37, 69, 77, 141, 157, 285, 317, 573, 637, 1149, 1277, 2301, 2557, 4605, 5117, 9213, 10237, 18429, 20477, 36861, 40957, 73725, 81917, 147453, 163837, 294909, 327677",33
A182531,(x_0_2 add (n sub sign(x_0_5))),"nonn,more","0, 1, 3, 4, 6, 9, 12, 16, 20, 25, 30, 36, 42, 49, 56, 64, 72, 81, 90, 100, 110, 121, 132, 144, 156, 169, 182, 196, 210, 225, 240, 256, 272",33
A058764,((x_0_1 mul sign(x_0_3)) add x_0_1),"nonn,hard","2, 4, 6, 12, 24, 48, 96, 192, 384, 768, 1536, 3072, 6144, 12288, 24576, 49152, 98304, 196608, 393216, 786432, 1572864, 3145728, 6291456, 12582912, 25165824, 50331648, 100663296, 201326592, 402653184, 805306368, 1610612736, 3221225472",32
A302930,(((x_0_1 add (n sub 1)))**2 idiv (4 mul n)),"nonn,more","0, 0, 0, 0, 0, 1, 1, 2, 2, 3, 3, 4, 4, 5, 6, 6, 7, 8, 8, 9, 10, 10, 11, 12, 12, 13, 14, 15, 15, 16, 17, 18",32
A136859,(x_0_2 mul (9 add sign(x_0_3))),"base,nonn,more","0, 1, 4, 10, 40, 100, 400, 1000, 4000, 10000, 40000, 100000, 400000, 1000000, 4000000, 10000000, 40000000, 100000000, 400000000, 1000000000, 4000000000, 10000000000, 40000000000, 100000000000, 400000000000, 1000000000000, 4000000000000, 10000000000000, 40000000000000, 100000000000000, 400000000000000",31
A352241,((x_0_5 mod (x_0_3)**2) add 4),"nonn,hard,more","1, 1, 1, 2, 3, 4, 5, 5, 6, 7, 8, 9, 9, 10, 11, 12, 13, 13, 14, 15, 16, 17, 17, 18, 19, 20, 21, 21, 22, 23",30
A048365,(x_0_3 mul (9 add sign(x_0_5))),"nonn,base,more","1, 0, 52, 10, 160, 520, 100, 1600, 5200, 1000, 16000, 52000, 10000, 160000, 520000, 100000, 1600000, 5200000, 1000000, 16000000, 52000000, 10000000, 160000000, 520000000, 100000000, 1600000000, 5200000000, 1000000000",28
A228941,((x_0_3 mul 2) add (2 sub x_0_6)),"nonn,cofr,more","1, 3, 4, 5, 9, 10, 11, 17, 18, 19, 27, 28, 29, 39, 40, 41, 53, 54, 55, 69, 70, 71, 87, 88, 89, 107, 108, 109",28
A247968,(x_0_1 add ((x_0_2 mul 2) sub sign(x_0_3))),"nonn,more","1, 1, 1, 2, 3, 6, 11, 22, 43, 86, 171, 342, 683, 1366, 2731, 5462, 10923, 21846, 43691, 87382, 174763, 349526, 699051, 1398102, 2796203, 5592406, 11184811, 22369622",28
A022165,((x_0_2 mul 6) sub (x_0_4 mul 4)),"nonn,more","1, 5, 6, 26, 32, 136, 168, 712, 880, 3728, 4608, 19520, 24128, 102208, 126336, 535168, 661504, 2802176, 3463680, 14672384, 18136064, 76825600, 94961664, 402264064, 497225728, 2106281984, 2603507712",27
A156622,(((x_0_1 sub (x_0_1 idiv 2)) mul 3) add 1),"nonn,more","1, 4, 7, 13, 22, 34, 52, 79, 121, 184, 277, 418, 628, 943, 1417, 2128, 3193, 4792, 7189, 10786, 16180, 24271, 36409, 54616, 81925, 122890, 184336",27
A244364,(x_0_1 add (x_0_1 add sign(x_0_6))),"nonn,base,hard,more","3, 4, 2, 33, 17, 319, 639, 1279, 2559, 5119, 10239, 20479, 40959, 81919, 163839, 327679, 655359, 1310719, 2621439, 5242879, 10485759, 20971519, 41943039, 83886079, 167772159, 335544319, 671088639",27
A022163,((x_0_2 mul 6) sub (x_0_4 mul 3)),"nonn,more","1, 5, 6, 27, 33, 147, 180, 801, 981, 4365, 5346, 23787, 29133, 129627, 158760, 706401, 865161, 3849525, 4714686, 20977947, 25692633, 114319107, 140011740, 622980801, 762992541",25
A088650,(9 add sign(x_0_6)),"more,nonn","1, 2, 4, 4, 4, 4, 10, 10, 10, 10, 10, 10, 10, 10, 10, 10, 10, 10, 10, 10, 10, 10, 10, 10",24
A229803,(((n mul 6) add 9) idiv (5 add 8)),"nonn,hard,more","1, 1, 2, 2, 3, 3, 3, 4, 4, 5, 5, 6, 6, 7, 7, 8, 8, 9, 9, 9, 10, 10, 11, 11",24
A244331,abs(((2 mul (x_0_1 add n)) sub 5)),"base,nonn,more","0, 1, 3, 9, 23, 53, 115, 241, 495, 1005, 2027, 4073, 8167, 16357, 32739, 65505, 131039, 262109, 524251, 1048537, 2097111, 4194261, 8388563, 16777169",24
A046233,((x_0_1 mul 5) add (sign(x_0_3) sub 5)),"nonn,base,more","0, 1, 6, 26, 126, 626, 3126, 15626, 78126, 390626, 1953126, 9765626, 48828126, 244140626, 1220703126, 6103515626, 30517578126, 152587890626, 762939453126, 3814697265626, 19073486328126, 95367431640626, 476837158203126",23
A016729,(2 add x_0_6),"nonn,more","1, 2, 2, 2, 3, 4, 3, 4, 4, 4, 5, 6, 5, 6, 6, 6, 7, 8, 7, 8, 8, 8",22
A256302,(n add (1 add (x_0_1 mod (1 add n)))),"nonn,more","2, 5, 5, 5, 11, 11, 11, 11, 11, 11, 23, 23, 23, 23, 23, 23, 23, 23, 23, 23, 23, 23",22
A307808,(x_0_3 idiv 3),"nonn,base,hard,more","3, 0, 1, 1, 0, 0, 0, 0, 0, 0, 0, 0, 0, 0, 0, 0, 0, 0, 0, 0, 0, 0",22
A341943,(((x_0_2 sub x_0_4) mul 8) add x_0_2),"nonn,base,more","0, 1, 6, 11, 54, 91, 438, 731, 3510, 5851, 28086, 46811, 224694, 374491, 1797558, 2995931, 14380470, 23967451, 115043766, 191739611, 920350134, 1533916891",22
A088783,(x_0_4 add (x_0_1 sub x_0_5)),"more,nonn","12, 23, 32, 34, 45, 56, 65, 67, 78, 89, 98, 100, 111, 122, 131, 133, 144, 155, 164, 166, 177",21
A227589,(x_0_2 add ((2 mul n) sub sign(x_0_4))),"nonn,more","1, 4, 7, 12, 16, 23, 29, 38, 46, 57, 67, 80, 92, 107, 121, 138, 154, 173, 191, 212, 232",21
A340498,((x_0_1 sub (2 mod x_0_2)) mul 4),"nonn,more","3, 6, 16, 56, 216, 856, 3416, 13656, 54616, 218456, 873816, 3495256, 13981016, 55924056, 223696216, 894784856, 3579139416, 14316557656, 57266230616, 229064922456, 916259689816",21
A356334,(sign(x_0_3) add 2),"nonn,more","1, 3, 4, 3, 3, 3, 3, 3, 3, 3, 3, 3, 3, 3, 3, 3, 3, 3, 3, 3, 3",21
A011960,(1 add x_0_6),"nonn,more","0, 1, 1, 1, 1, 2, 1, 2, 2, 2, 2, 3, 2, 3, 3, 3, 3, 4, 3, 4",20
A103991,((x_0_3 mul 2) sub x_0_6),"nonn,frac,more","3, 5, 21, 9, 11, 39, 15, 17, 57, 21, 23, 75, 27, 29, 93, 33, 35, 111, 39, 41",20
A134342,(2 add (x_0_1 add (x_0_1 idiv 2))),"hard,nonn,uned","0, 2, 5, 9, 15, 24, 38, 59, 90, 137, 207, 312, 470, 707, 1062, 1595, 2394, 3593, 5391, 8088",20
A225370,(((n add n) add (-4 mod n)) idiv 7),"nonn,more","0, 0, 1, 1, 1, 2, 2, 2, 3, 3, 4, 4, 5, 5, 5, 6, 6, 7, 7, 8",20
A278616,((x_0_2 mul 4) add (x_0_1 add x_0_3)),"nonn,more","3, 8, 21, 56, 148, 393, 1041, 2761, 7318, 19403, 51436, 136366, 361513, 958413, 2540831, 6735996, 17857733, 47342548, 125509476, 332737401",20
A278708,(x_0_1 add x_0_2),"nonn,base,more","154, 144, 298, 442, 740, 1182, 1922, 3104, 5026, 8130, 13156, 21286, 34442, 55728, 90170, 145898, 236068, 381966, 618034, 1000000",20
A301426,((x_0_5 mod (x_0_4)**2) add 2),"nonn,more","1, 1, 1, 2, 2, 2, 2, 3, 4, 4, 4, 4, 5, 6, 6, 6, 6, 7, 8, 8",20
A307802,(0 mul x_0_1),"nonn,base,hard,more","3, 0, 0, 0, 0, 0, 0, 0, 0, 0, 0, 0, 0, 0, 0, 0, 0, 0, 0, 0",20
A307832,(((n sub (x_0_1 mod n)) add (sign((sign((n idiv -1)) idiv (((-3 mod n) mod -9) mod -9))) idiv -3)) idiv n),"nonn,base,hard,more","2, 0, 1, 0, 0, 0, 0, 0, 0, 0, 0, 1, 0, 0, 0, 0, 0, 0, 0, 0",20
A309093,((5 mul (n add 2)) idiv 9),"nonn,more","1, 2, 2, 3, 3, 4, 5, 5, 6, 6, 7, 7, 8, 8, 9, 10, 10, 11, 11, 12",20
A319288,((x_0_1 idiv 2) add ((n mul 3) idiv 7)),"nonn,more","0, 0, 1, 1, 2, 3, 4, 5, 5, 6, 7, 8, 9, 10, 11, 11, 12, 13, 14, 15",20
A132297,((n mul 3) add (x_0_2 sub 1)),"nonn,more","4, 7, 12, 18, 26, 35, 46, 58, 72, 87, 104, 122, 142, 163, 186, 210, 236, 263, 292",19
A275645,(x_0_1 add sign(x_0_4)),"nonn,more","1, 5, 7, 11, 12, 13, 14, 15, 16, 17, 18, 19, 20, 21, 22, 23, 24, 25, 26",19
A307766,(x_0_6 idiv 3),"nonn,base,hard,more","3, 1, 0, 1, 0, 0, 1, 0, 0, 0, 0, 0, 0, 0, 0, 0, 0, 0, 0",19
A307791,(x_0_3 idiv 3),"nonn,base,hard,more","3, 1, 0, 1, 0, 0, 0, 0, 0, 0, 0, 0, 0, 0, 0, 0, 0, 0, 0",19
A339391,(((n sub (n mod 2)) add 9) idiv 5),"nonn,more","1, 2, 2, 2, 2, 3, 3, 3, 3, 3, 3, 4, 4, 4, 4, 5, 5, 5, 5",19
A358730,(x_0_2 mul (2 add sign(x_0_6))),"nonn,more","1, 4, 8, 16, 27, 54, 81, 162, 243, 486, 729, 1458, 2187, 4374, 6561, 13122, 19683, 39366, 59049",19
A359613,abs((((-6 sub 4) mul ((5 mul n) sub -4)) idiv (-4)**2)),"nonn,hard,more,nice","6, 9, 12, 15, 19, 22, 25, 28, 31, 34, 37, 40, 44, 47, 50, 53, 56, 59, 62",19
A005410,((((((x_0_1 idiv 3))**2 idiv abs(6)) mod x_0_1) sub abs((n sub (-8 mod -5)))) idiv -2),"nonn,more","1, 2, 3, 3, 4, 4, 5, 5, 6, 6, 7, 7, 8, 8, 9, 9, 9, 10",18
A112821,(x_0_1 add 1),"nonn,more","343, 344, 345, 346, 347, 348, 349, 350, 351, 352, 353, 354, 355, 356, 357, 358, 359, 360",18
A332613,(n sub ((9 add n) idiv 8)),"nonn,more","0, 1, 2, 3, 4, 5, 5, 6, 7, 8, 9, 10, 11, 12, 12, 13, 14, 15",18
A352178,(6 add (x_0_6 add (n idiv 2))),"nonn,more","0, 1, 3, 4, 6, 7, 9, 11, 13, 15, 17, 19, 21, 24, 26, 29, 31, 34",18
A103547,(x_0_6 sub x_0_6),"base,more,nonn","11, 281, 2267, 26881, 464447, 6462667, 0, 0, 0, 0, 0, 0, 0, 0, 0, 0, 0",17
A361315,(x_0_1 add (2 mod x_0_5)),"nonn,more","31, 26, 19, 17, 17, 19, 21, 23, 25, 27, 29, 31, 33, 35, 37, 39, 41",17
A005855,((x_0_5 idiv 2) add (x_0_4 add x_0_3)),"nonn,hard","1, 1, 1, 1, 1, 2, 2, 2, 3, 4, 5, 6, 8, 10, 13, 16",16
A105676,(x_0_3 add 3),"nonn,more","3, 3, 6, 6, 6, 9, 9, 9, 12, 12, 12, 15, 15, 15, 18, 18",16
A270126,(x_0_1 mul (3 add sign(x_0_3))),"nonn,more","1, 5, 24, 96, 384, 1536, 6144, 24576, 98304, 393216, 1572864, 6291456, 25165824, 100663296, 402653184, 1610612736",16
A271017,((x_0_1 mul (5 sub sign(x_0_2))) add (7 mul 3)),"nonn,more","1, 5, 41, 185, 761, 3065, 12281, 49145, 196601, 786425, 3145721, 12582905, 50331641, 201326585, 805306361, 3221225465",16
A271480,(((x_0_1 sub x_0_3) mul 2) add (x_0_4 add (n sub 2))),"nonn,more","1, 2, 4, 8, 16, 30, 53, 88, 139, 210, 306, 432, 594, 798, 1051, 1360",16
A272417,((x_0_1 mul 6) add (4 sub (x_0_2 mul 8))),"nonn,more","1, 8, 44, 204, 876, 3628, 14764, 59564, 239276, 959148, 3840684, 15370924, 61500076, 246033068, 984197804, 3936922284",16
A272743,((x_0_1 mul 4) add sign(x_0_3)),"nonn,more","1, 5, 17, 69, 277, 1109, 4437, 17749, 70997, 283989, 1135957, 4543829, 18175317, 72701269, 290805077, 1163220309",16
A273331,(((x_0_1 add (1 mod x_0_3)) mul 4) add 1),"nonn,more","1, 5, 17, 69, 281, 1129, 4521, 18089, 72361, 289449, 1157801, 4631209, 18524841, 74099369, 296397481, 1185589929",16
A327821,((x_0_1 mul 3) add ((x_0_3 sub x_0_2) add 4)),"nonn,more","1, 5, 19, 57, 161, 449, 1247, 3457, 9577, 26525, 73459, 203433, 563369, 1560137, 4320479, 11964673",16
A013575,(x_0_1 add (sign(x_0_4) mul 6)),"nonn,more","6, 13, 19, 24, 30, 36, 42, 48, 54, 60, 66, 72, 78, 84, 90",15
A065603,((((n mul 4) sub 7) idiv -9) mod n),"nonn,nice,more,hard","0, 1, 2, 3, 3, 4, 4, 5, 5, 6, 6, 7, 8, 8, 9",15
A181736,((x_0_1 add (x_0_3)**2) idiv (x_0_4 add n)),"nonn,base,more","1, 2, 2, 3, 1, 0, 1, 0, 0, 0, 0, 0, 0, 0, 0",15
A248380,(((n sub (relu(n) mod (x_0_1 add (n mod x_0_1)))) add n) idiv n),"nonn,more,hard","2, 2, 2, 2, 1, 2, 1, 2, 2, 2, 1, 2, 1, 2, 2",15
A250000,(((n)**2 add (4 mod n)) idiv 7),"nonn,nice,more","0, 0, 1, 2, 4, 5, 7, 9, 12, 14, 17, 21, 24, 28, 32",15
A352161,((x_0_2)**2 idiv x_0_4),"nonn,base,more","125, 1125, 1250, 11250, 12500, 112500, 125000, 1125000, 1250000, 11250000, 12500000, 112500000, 125000000, 1125000000, 1250000000",15
A353212,(((n add n) add (n mod x_0_1)) idiv 3),"nonn,more","1, 1, 2, 2, 3, 4, 5, 6, 7, 7, 8, 9, 10, 10, 11",15
A357827,((x_0_1 add x_0_1) mul (n add sign(x_0_4))),"nonn,more","2, 24, 1152, 1920, 23040, 322560, 5160960, 92897280, 1857945600, 40874803200, 980995276800, 25505877196800, 714164561510400, 21424936845312000, 685597979049984000",15
A121151,(abs((n add (n idiv ((6 sub abs((n idiv -9))) idiv -1)))) sub -3),"nonn,more","3, 4, 5, 6, 7, 7, 8, 9, 10, 10, 11, 12, 12, 13",14
A134350,((x_0_1 mul 5) sub (6 add (x_0_2 mul 6))),"nonn,more","1, 7, 23, 67, 191, 547, 1583, 4627, 13631, 40387, 120143, 358387, 1071071, 3205027",14
A136725,((x_0_1 mul sign(x_0_3)) add 8),"nonn,more","1, 2, 12, 20, 28, 36, 44, 52, 60, 68, 76, 84, 92, 100",14
A137146,((x_0_1 mul (7 add 3)) add 6),"base,nonn,more","76, 766, 7666, 76666, 766666, 7666666, 76666666, 766666666, 7666666666, 76666666666, 766666666666, 7666666666666, 76666666666666, 766666666666666",14
A144876,(((x_0_3 add (n)**2) idiv 9) add n),"nonn,more","1, 2, 4, 5, 8, 10, 13, 16, 19, 22, 26, 30, 34, 38",14
A193838,(x_0_3 add ((8 add n) idiv 4)),"nonn,hard,more","1, 2, 3, 4, 5, 6, 7, 9, 10, 11, 13, 15, 16, 18",14
A257481,((n)**2 idiv 47),"nonn,more","0, 0, 0, 0, 0, 0, 1, 1, 1, 2, 2, 3, 3, 4",14
A268866,(((x_0_2 mul 8) sub 5) mul 2),"nonn,more","2, 3, 22, 38, 342, 598, 5462, 9558, 87382, 152918, 1398102, 2446678, 22369622, 39146838",14
A278375,((n mul (9 add 5)) idiv (7 add n)),"nonn,more","1, 3, 4, 5, 5, 6, 7, 7, 7, 8, 8, 8, 9, 9",14
A288944,(x_0_1 mul (n add (sign(x_0_5) mul n))),"nonn,more","1, 2, 24, 384, 1920, 23040, 322560, 5160960, 92897280, 1857945600, 40874803200, 980995276800, 25505877196800, 714164561510400",14
A320576,(x_0_6 idiv x_0_6),"nonn,more","1, 1, 2, 1, 1, 10, 1, 1, 1, 1, 1, 1, 1, 1",14
A328317,(x_0_2 mul sign(x_0_5)),"nonn,hard,more","1, 2, 3, 2, 5, 2, 5, 2, 5, 2, 5, 2, 5, 2",14
A360360,((x_0_2 idiv sign(x_0_4)) add x_0_2),"nonn,more","1, 2, 2, 2, 4, 4, 8, 8, 16, 16, 32, 32, 64, 64",14
A048972,(x_0_1 add sign(x_0_6)),"more,nonn","1, 2, 5, 6, 7, 9, 10, 11, 12, 13, 14, 15, 16",13
A056810,(x_0_1 add ((x_0_1 sub sign(x_0_3)) mul 9)),"nonn,base,more","0, 1, 11, 101, 1001, 10001, 100001, 1000001, 10000001, 100000001, 1000000001, 10000000001, 100000000001",13
A076523,((n add x_0_3) add (sign(x_0_5) add 5)),"nonn,more","1, 3, 6, 9, 13, 18, 22, 27, 33, 38, 44, 51, 57",13
A118358,(x_0_1 add sign(x_0_6)),"nonn,more","5, 9, 11, 12, 13, 15, 16, 17, 18, 19, 20, 21, 22",13
A133989,(x_0_2 add (x_0_5 idiv 2)),"more,nonn","0, 1, 1, 1, 2, 1, 2, 1, 2, 2, 2, 3, 2",13
A157795,(((x_0_2 idiv n) add 3) add (x_0_4 add n)),"hard,more,nonn","1, 2, 4, 6, 9, 12, 15, 18, 22, 26, 31, 35, 40",13
A186144,(x_0_2 mul sign(x_0_6)),"nonn,hard,more","1, 1, 3, 3, 2, 1, 2, 1, 2, 1, 2, 1, 2",13
A186783,(x_0_1 add (n sub sign(x_0_4))),"nonn,more,hard","0, 1, 2, 6, 10, 15, 21, 28, 36, 45, 55, 66, 78",13
A213685,((((n mul 3) sub 2) idiv 2) add (x_0_4 add n)),"hard,nonn,more","1, 3, 6, 9, 12, 17, 22, 28, 33, 41, 48, 57, 64",13
A262302,(5 add sign(x_0_5)),"nonn,more","3, 4, 4, 5, 5, 6, 6, 6, 6, 6, 6, 6, 6",13
A307163,(x_0_6 sub x_0_6),"nonn,more,hard","0, 0, 0, 12, 0, 9, 0, 0, 0, 0, 0, 0, 0",13
A319158,abs(((((n sub 1))**2 mul -7) idiv (5 mul 4))),"nonn,more,hard","0, 1, 2, 4, 6, 9, 13, 18, 23, 29, 35, 43, 51",13
A360210,(n add ((x_0_3 idiv 9) add 2)),"nonn,more","1, 4, 5, 6, 7, 8, 9, 10, 11, 13, 14, 15, 16",13
A001225,((((n mul 5) sub 3) idiv 4) add (x_0_4 add n)),"nonn,nice,hard,more","1, 2, 5, 7, 11, 14, 20, 24, 30, 35, 44, 50",12
A004079,(n sub ((n mul n) mod ((-9 sub x_0_1) idiv (-4 mod -7)))),"nonn,hard","1, 2, 2, 4, 4, 6, 6, 7, 8, 10, 10, 12",12
A068952,((n add ((2 add n) idiv 7)))**2,"more,nonn,base","1, 4, 9, 16, 36, 49, 64, 81, 100, 121, 144, 196",12
A096446,(x_0_6 add (n mod 3)),"nonn,more","1, 1, 2, 1, 2, 2, 2, 3, 2, 2, 4, 2",12
A110862,(n sub x_0_4),"nonn,more","1, 2, 3, 3, 4, 4, 4, 5, 5, 6, 7, 7",12
A113023,(x_0_1 mul (6 sub sign(x_0_2))),"nonn,base,more","5, 18, 90, 450, 2250, 11250, 56250, 281250, 1406250, 7031250, 35156250, 175781250",12
A168553,abs(((x_0_1 mul x_0_5) sub x_0_6)),"hard,more,nonn","1, 0, 0, 0, 1, 0, 1, 0, 0, 0, 1, 1",12
A202103,(abs(((((sign((n idiv -5)) mod relu(n)) add n) mul 2) idiv 9)) mul 2),"nonn,more","0, 0, 2, 2, 4, 4, 4, 6, 6, 8, 8, 10",12
A229850,(relu((n add (n idiv (-10 mod n)))) idiv 7),"nonn,hard,more","0, 0, 0, 0, 0, 1, 1, 1, 1, 0, 3, 2",12
A257923,(x_0_3 add (x_0_1 idiv x_0_6)),"nonn,more,hard","3, 4, 4, 5, 6, 6, 7, 7, 7, 8, 8, 8",12
A259098,(x_0_1 add (sign(x_0_6) mul x_0_1)),"nonn,more","1, 2, 3, 6, 12, 26, 52, 104, 208, 416, 832, 1664",12
A282168,(n add (((n)**2 add n) idiv 9)),"nonn,more","1, 2, 4, 6, 8, 10, 13, 16, 19, 22, 25, 29",12
A286874,(((n idiv 5))**2 add (x_0_2 add 1)),"nonn,more","1, 2, 2, 3, 4, 5, 6, 7, 8, 12, 13, 17",12
A326329,((x_0_1 mul 3) add (x_0_2 add x_0_3)),"nonn,more","1, 0, 1, 4, 13, 44, 149, 504, 1705, 5768, 19513, 66012",12
A332557,((n sub 6) add (x_0_6 add x_0_2)),"nonn,more","1, 1, 1, 1, 1, 3, 3, 6, 7, 11, 13, 20",12
A004047,((x_0_1 add relu((x_0_1 sub 3))) add x_0_5),"nonn,hard","1, 1, 1, 1, 1, 2, 3, 4, 6, 10, 19",11
A011767,((x_0_1 add sign(x_0_6)) add 3),"nonn,more","9, 14, 17, 21, 25, 30, 34, 38, 42, 46, 50",11
A031401,(3 add sign(x_0_4)),"nonn,more","1, 2, 4, 8, 4, 4, 4, 4, 4, 4, 4",11
A074715,((n sub 2) add (x_0_3 add (x_0_4 idiv 5))),"nonn,more","0, 1, 2, 3, 4, 6, 8, 10, 13, 17, 20",11
A110870,(2 add x_0_3),"nonn,more","2, 2, 4, 4, 4, 6, 6, 6, 8, 8, 8",11
A169869,(5 add x_0_6),"nonn,more","5, 6, 7, 8, 9, 10, 10, 11, 12, 13, 14",11
A186752,(x_0_1 add (n sub sign(x_0_4))),"nonn,more,hard","0, 1, 2, 4, 8, 13, 19, 26, 34, 43, 53",11
A187103,(((n mul 39) idiv (47 add n)) add 1),"hard,more,nonn","1, 2, 3, 4, 4, 5, 6, 6, 7, 7, 8",11
A200919,(((n)**2 mul (n add ((relu(n) idiv n) add n))) idiv (9)**2),"nonn,hard,nice,more","0, 0, 0, 1, 3, 5, 9, 13, 19, 25, 34",11
A246978,(8 add (x_0_5 add 5)),"nonn,more","0, 3, 6, 5, 10, 13, 16, 19, 18, 23, 26",11
A271906,((x_0_1 mul sign(x_0_6)) add 3),"nonn,more","1, 2, 4, 6, 9, 11, 14, 17, 20, 23, 26",11
A283310,(((n mod 8) sub 4) mod 3),"nonn,more","0, 1, 2, 0, 1, 2, 0, 2, 0, 1, 2",11
A291295,((x_0_1 add x_0_3) add ((x_0_4 sub 1) sub x_0_5)),"nonn,more","1, 1, 2, 3, 4, 5, 8, 12, 17, 25, 39",11
A319625,(abs((x_0_1 sub x_0_6)) add (x_0_4 add x_0_2)),"nonn,more","1, 1, 0, 0, 0, 0, 1, 0, 1, 1, 3",11
A319638,((x_0_4 mul (x_0_3 idiv x_0_6)) add x_0_2),"nonn,more","1, 1, 1, 1, 1, 1, 2, 2, 3, 4, 7",11
A321406,((x_0_1 add x_0_3) add (x_0_6 add x_0_4)),"nonn,more","1, 0, 0, 0, 0, 0, 1, 1, 1, 2, 4",11
A334084,(x_0_1 add (x_0_1 add sign(x_0_4))),"nonn,more","1, 3, 5, 7, 15, 31, 63, 127, 255, 511, 1023",11
A004401,(((n sub 2) mul 2) add (x_0_3 idiv 4)),"nonn,nice,more","0, 1, 2, 4, 6, 8, 11, 13, 16, 18",10
A005527,(n sub (3 idiv (x_0_1 idiv -9))),"nonn,more","3, 5, 6, 7, 8, 9, 10, 10, 11, 12",10
A006186,(((4 mul x_0_2) idiv 9) add 8),"nonn,hard,more","1, 5, 8, 10, 11, 12, 12, 13, 13, 13",10
A075692,(x_0_1 add (sign(x_0_5) mul 2)),"nonn,more","1, 1, 2, 4, 5, 7, 9, 11, 13, 15",10
A082543,(x_0_2 add (x_0_5 add 1)),"nonn,more","0, 0, 1, 1, 2, 2, 3, 4, 5, 7",10
A082877,(x_0_3 mul (sign(x_0_5) add 6)),"nonn,more","1, 2, 3, 6, 12, 21, 42, 84, 147, 294",10
A084911,((x_0_5 mul sign(x_0_6)) add 2),"nonn,cons,more","7, 5, 2, 0, 1, 0, 7, 4, 2, 3",10
A107427,(((n)**2 add (x_0_1 sub 4)) idiv 5),"nonn,nice,more","0, 0, 1, 2, 4, 7, 10, 14, 18, 22",10
A115562,(x_0_4 sub x_0_4),"hard,nonn","2, 3, 0, 6, 0, 0, 0, 0, 0, 0",10
A131501,(1 add (x_0_2 add 9)),"nonn,uned,obsc,more","6, 10, 16, 20, 26, 30, 36, 40, 46, 50",10
A152125,((n sub 2) add (x_0_1 add (x_0_3 mod 2))),"nonn,hard,more,changed","0, 1, 2, 4, 8, 12, 17, 23, 30, 39",10
A152927,((x_0_1 mul (4)**2) add x_0_2),"nonn,more","7, 113, 1815, 29153, 468263, 7521361, 120810039, 1940481985, 31168521799, 500636830769",10
A161418,(x_0_1 add (((n mod 2) mul 6) add x_0_4)),"more,nonn","0, 0, 0, 0, 6, 6, 12, 12, 24, 30",10
A161422,(n idiv ((5)**2 idiv n)),"more,nonn,less","0, 0, 0, 0, 1, 1, 2, 2, 4, 5",10
A161836,((x_0_1 add x_0_4) add (x_0_6 add x_0_4)),"more,nonn","0, 0, 0, 0, 3, 3, 3, 3, 9, 15",10
A161838,((x_0_1 add x_0_4) add (x_0_6 add x_0_4)),"more,nonn","0, 0, 0, 0, 1, 1, 1, 1, 3, 5",10
A175001,relu((n idiv (relu(x_0_1) add abs(((n add -6) add -2))))),"hard,more,nonn","0, 0, 0, 1, 1, 2, 2, 4, 1, 3",10
A192881,(x_0_1 add (sign(x_0_6) mul 2)),"nonn,more,hard","1, 3, 5, 8, 10, 11, 13, 15, 17, 19",10
A196594,(-5 add (((n idiv ((-3 mod n) sub n)) sub (4 idiv -8)) add (abs(n) add 8))),"nonn,more","4, 4, 6, 6, 7, 8, 8, 9, 10, 10",10
A202169,((((n)**2 sub sign(x_0_1)) idiv 5) add 3),"nonn,more","1, 3, 4, 6, 7, 10, 12, 15, 19, 22",10
A240443,((x_0_1 add n) sub ((n)**2 idiv 47)),"nonn,hard,more,nice","1, 3, 6, 10, 15, 21, 27, 34, 42, 50",10
A243319,abs((x_0_1 sub ((n mul 47) idiv 123))),"nonn,more","1, 1, 0, 1, 0, 2, 0, 3, 0, 3",10
A243302,(x_0_3 add (1 add n)),"nonn,more","1, 3, 4, 6, 9, 11, 14, 18, 21, 25",10
A243546,(x_0_2 add (x_0_3 mod x_0_4)),"nonn,more","1, 1, 1, 2, 1, 2, 1, 3, 1, 4",10
A243800,((x_0_1 add n) sub sign(x_0_6)),"nonn,more","0, 0, 0, 5, 20, 16, 22, 29, 37, 46",10
A246506,(relu(((-9 add ((n)**2 sub -3)) idiv 4)) add 7),"nonn,more","7, 7, 7, 9, 11, 14, 17, 21, 25, 30",10
A253570,((n sub 2) add x_0_6),"nonn,hard,more","0, 1, 1, 1, 3, 4, 5, 7, 8, 9",10
A260794,((x_0_3 mul 2) add (sign(x_0_4) add 4)),"nonn,more","2, 3, 5, 7, 11, 15, 19, 27, 35, 43",10
A261664,(((x_0_1 sub x_0_2) mul 4) add (x_0_4 add (x_0_3 mod x_0_4))),"nonn,more","1, 1, 2, 4, 9, 21, 50, 121, 296, 729",10
A269110,(x_0_2 add ((x_0_2 sub x_0_4) add sign(x_0_5))),"nonn,hard,more,changed","1, 3, 5, 6, 9, 10, 14, 15, 20, 21",10
A277433,(8 mul sign(x_0_6)),"nonn,more","1, 4, 4, 4, 6, 6, 8, 8, 8, 8",10
A288425,((n sub 1) add (x_0_1 add ((n)**2 idiv 47))),"nonn,hard,more","0, 1, 3, 6, 10, 15, 22, 30, 39, 50",10
A292432,((x_0_1 add x_0_2) add (((n sub 1) mul 3) idiv 8)),"nonn,more","0, 1, 1, 3, 5, 9, 16, 27, 46, 76",10
A302980,(((((7)**2 idiv x_0_1) add n) idiv x_0_1) add x_0_1),"nonn,more","5, 7, 8, 9, 10, 11, 12, 13, 13, 14",10
A303331,(x_0_2 add (x_0_5 add 4)),"nonn,hard,more","0, 1, 1, 2, 4, 6, 9, 11, 15, 19",10
A304041,((n idiv 2) sub (x_0_3 mul x_0_4)),"nonn,more","1, 1, 1, 1, 1, 2, 2, 3, 2, 1",10
A305396,(x_0_2 add 110),"nonn,base,more","101, 110, 211, 220, 321, 330, 431, 440, 541, 550",10
A305395,(x_0_2 add 101),"nonn,base,more","11, 101, 112, 202, 213, 303, 314, 404, 415, 505",10
A321531,((x_0_3 add 6) add x_0_5),"nonn,more","0, 1, 2, 4, 6, 8, 11, 14, 18, 23",10
A332872,(((x_0_1)**2 idiv x_0_2) add sign(x_0_3)),"nonn,more","1, 1, 3, 10, 34, 116, 396, 1352, 4616, 15760",10
A337501,((n mul ((n idiv 2) add n)) idiv 3),"nonn,more","0, 2, 4, 8, 11, 18, 23, 32, 39, 50",10
A347581,(((x_0_1 sub x_0_6) add 2) add x_0_5),"nonn,more","4, 9, 14, 20, 26, 33, 40, 47, 55, 63",10
A348339,(((n sub sign(x_0_3)))**2 add 3),"nonn,base,more","3, 6, 9, 12, 19, 28, 39, 52, 67, 84",10
A348484,(x_0_4 add ((n sub 2) mul 4)),"nonn,more","1, 4, 5, 8, 13, 20, 25, 32, 41, 52",10
A006066,((n sub 1) add (x_0_2 add x_0_5)),"nonn,hard,more","0, 0, 1, 2, 5, 7, 11, 15, 21",9
A008741,((x_0_5 mul 4) mod 7),"nonn,hard","1, 1, 1, 2, 1, 4, 4, 4, 1",9
A011982,((n mul sign(x_0_6)) add 6),"nonn,hard","1, 4, 4, 6, 8, 11, 13, 14, 15",9
A054736,(x_0_1 add ((x_0_4 add x_0_5) sub x_0_5)),"nonn,more","4, 8, 11, 15, 21, 29, 40, 55, 76",9
A057577,(x_0_1 mul (2 mod x_0_5)),"nonn,more","9, 12, 22, 42, 72, 144, 288, 576, 1152",9
A075550,((x_0_3 add 4) add x_0_6),"nonn,more","1, 1, 1, 3, 4, 4, 8, 9, 9",9
A092121,(x_0_1 add (4 mod x_0_6)),"nonn,more","6, 8, 10, 12, 16, 16, 20, 24, 28",9
A096221,((x_0_3 mul sign(x_0_6)) add 8),"nonn,more","1, 2, 3, 5, 7, 10, 13, 15, 18",9
A107432,((x_0_2 add x_0_4) sub x_0_6),"nonn,more","1, 1, 4, 4, 7, 8, 10, 11, 13",9
A111731,x_0_6,"nonn,more","4, 4, 4, 5, 4, 6, 4, 4, 4",9
A116446,(4 add x_0_6),"nonn,hard,more","4, 4, 4, 6, 6, 7, 8, 8, 8",9
A122059,(n mod ((-9 idiv n) mod 6)),"hard,more,nonn","1, 0, 0, 1, 1, 2, 3, 0, 4",9
A124157,(x_0_1 add ((n mul 7) idiv 8)),"nonn,more","0, 1, 3, 6, 10, 15, 21, 28, 35",9
A141473,(x_0_4 mul sign(x_0_6)),"nonn,hard,more","6, 2, 2, 0, 0, 4, 2, 0, 0",9
A141638,(x_0_1 add (4 mod x_0_5)),"nonn,more","35, 43, 47, 55, 63, 67, 71, 75, 79",9
A161419,(x_0_5 add (x_0_4 add x_0_2)),"more,nonn","0, 0, 0, 6, 0, 6, 0, 12, 6",9
A161829,((x_0_4 mul sign(x_0_6)) add 6),"more,nonn","0, 3, 0, 6, 0, 6, 6, 12, 6",9
A161837,((x_0_1 add x_0_4) add (x_0_6 add x_0_4)),"more,nonn","0, 0, 0, 3, 0, 0, 0, 6, 6",9
A182136,(5 add (x_0_5 add n)),"nonn,more","1, 3, 5, 7, 10, 12, 15, 18, 21",9
A195669,(x_0_2 add (n sub (x_0_1 mod x_0_5))),"more,nonn","1, 2, 4, 7, 9, 13, 15, 18, 20",9
A210985,(((x_0_1 sub n) mul 4) add 7),"nonn,more","1, 3, 7, 19, 63, 235, 919, 3651, 14575",9
A214813,((x_0_1 mul sign(x_0_3)) add 3),"nonn,more","0, 1, 3, 6, 9, 12, 15, 18, 21",9
A226596,(2 add (x_0_1 add ((n mod 9) idiv 4))),"nonn,hard,more","0, 2, 4, 7, 10, 13, 16, 20, 22",9
A242211,((x_0_2)**2 mul sign(x_0_3)),"nonn,more","4, 6, 12, 36, 144, 1296, 20736, 1679616, 429981696",9
A255198,(x_0_5 add x_0_6),"nonn,more","1, 1, 1, 4, 1, 6, 2, 2, 5",9
A255524,(x_0_4 mul sign(x_0_6)),"nonn,more","4, 6, 2, 3, 3, 3, 2, 3, 3",9
A275382,((x_0_3 sub x_0_6) add (x_0_4)**2),"nonn,hard,more","1, 1, 1, 2, 2, 3, 2, 5, 6",9
A279405,(n sub (((n mul (-6 add n)) sub (-10 mod (n sub -2))) mod 4)),"nonn,hard,more","0, 0, 0, 2, 2, 4, 4, 8, 7",9
A287647,(x_0_5 mul x_0_6),"nonn,more,hard","1, 0, 0, 4, 1, 2, 0, 0, 0",9
A291298,((x_0_4 mul 2) add (x_0_6 add x_0_2)),"nonn,more","1, 1, 2, 3, 5, 7, 10, 14, 22",9
A307450,((x_0_4 sub 4) mod 5),"nonn,more","1, 1, 2, 8, 2, 2, 3, 4, 3",9
A308414,(x_0_2 add (2 mod x_0_6)),"nonn,more","7, 5, 3, 2, 1, 3, 3, 5, 5",9
A327094,relu(((((-6)**2 mod abs(n)) add ((n)**2 add relu(-4))) idiv 4)),"nonn,more","0, 1, 2, 4, 6, 9, 12, 17, 20",9
A328873,((x_0_4 mul sign(x_0_6)) add 4),"nonn,more,hard","1, 0, 0, 2, 2, 1, 4, 6, 6",9
A334083,(x_0_5 mul 64),"nonn,more","1, 2, 4, 16, 32, 64, 128, 256, 1024",9
A342714,((x_0_6 sub n) mod 10),"nonn,cons,more","1, 0, 5, 9, 0, 6, 4, 2, 6",9
A343464,(((-6 mul 8) mod n) add relu(sign((abs(n) mod -4)))),"nonn,more","0, 0, 0, 1, 2, 0, 1, 1, 6",9
A343907,(((x_0_2 sub x_0_4) mul 3) add x_0_6),"nonn,more","4, 10, 16, 28, 36, 52, 64, 82, 100",9
A352208,(((n sub 2))**2 add (x_0_2 mod x_0_1)),"nonn,more","1, 1, 1, 4, 10, 20, 35, 56, 84",9
A357619,((x_0_1 add x_0_3) add sign(x_0_5)),"nonn,hard,more","0, 1, 2, 3, 6, 9, 13, 20, 30",9
A360221,(x_0_4 mod 5),"nonn,more,hard,bref","0, 0, 0, 12, 0, 0, 0, 2, 0",9
A000791,((x_0_1 add 2) add x_0_6),"nonn,hard,more,nice","3, 6, 9, 14, 18, 23, 28, 36",8
A001647,(((x_0_1 sub x_0_6) mul 3) add x_0_4),"nonn,hard,nice,more","1, 0, 1, 1, 2, 4, 10, 31",8
A002877,((x_0_2 mul (x_0_4 mul 3)) sub x_0_6),"nonn,hard,nice,more","1, 1, 2, 3, 6, 13, 35, 116",8
A005677,(x_0_1 add (x_0_6 mul 3)),"nonn,hard,nice","1, 1, 2, 3, 5, 10, 13, 16",8
A006619,(4 add (x_0_1 add (x_0_1 idiv 8))),"nonn,more","8, 13, 18, 24, 31, 38, 46, 55",8
A006624,((x_0_1 sub x_0_6) add (x_0_6 add 8)),"nonn,more","9, 14, 20, 27, 33, 41, 49, 57",8
A007361,(x_0_1 mul x_0_6),"nonn,hard,nice,frac","1, 4, 2, 4, 8, 64, 64, 256",8
A007673,((x_0_1 add (x_0_1 mod 6)) add (x_0_4 add x_0_2)),"hard,nonn,more,nice","1, 2, 4, 8, 15, 28, 51, 90",8
A013927,(x_0_1 add (sign(x_0_6) add n)),"nonn,more","0, 2, 5, 10, 15, 23, 31, 40",8
A018195,(x_0_1 add sign(x_0_6)),"nonn,more","1, 3, 4, 7, 12, 14, 15, 16",8
A029866,((x_0_2 add 7) add x_0_6),"nonn,more","1, 2, 2, 2, 4, 7, 12, 16",8
A066000,((x_0_2 mul 3) add (x_0_4 sub (2 mod x_0_3))),"nonn,nice,more","1, 2, 3, 6, 10, 18, 31, 58",8
A072249,(x_0_3 add (2 mul (2 add n))),"nonn,more","5, 7, 11, 17, 21, 27, 35, 41",8
A072606,(x_0_2 add ((x_0_4 mul 2) add (n sub 2))),"nonn,more","1, 1, 3, 4, 8, 10, 19, 24",8
A089891,(x_0_3 mul (n sub x_0_5)),"nonn,more","1, 1, 1, 2, 3, 5, 12, 21",8
A092937,(x_0_3 add (x_0_5 add x_0_3)),"nonn,more","6, 6, 6, 6, 12, 18, 18, 30",8
A097881,abs((x_0_1 sub x_0_6)),"more,nonn,cons","2, 9, 4, 3, 9, 4, 2, 7",8
A101116,(x_0_1 add sign(x_0_6)),"base,more,nonn","0, 5, 9, 14, 15, 18, 19, 20",8
A105675,(x_0_3 add 4),"nonn,hard,more,nice","4, 4, 8, 8, 8, 12, 12, 12",8
A105677,(5 add sign(x_0_5)),"nonn,more","2, 3, 3, 4, 4, 6, 6, 6",8
A109230,((n add 5) add x_0_6),"more,nonn","0, 1, 2, 3, 8, 6, 12, 14",8
A118987,(x_0_1 add (x_0_6 mul 4)),"nonn,more","1, 2, 2, 3, 5, 7, 11, 19",8
A118985,(x_0_3 add (((x_0_4 add 1))**2 sub x_0_5)),"nonn,more","1, 2, 3, 5, 7, 11, 19, 40",8
A137237,(((x_0_1 sub n) mod 5) add x_0_5),"hard,more,nonn","1, 1, 1, 1, 1, 1, 5, 3",8
A155901,(6 add x_0_6),"more,nonn","2, 8, 5, 12, 5, 14, 8, 14",8
A160419,((x_0_1)**2 idiv x_0_6),"more,nonn","1, 2, 2, 2, 2, 2, 4, 8",8
A161746,((x_0_1 mul ((n)**2 add n)) idiv ((((n add 1) idiv 2) add sign(abs(-4))))**2),"nonn,hard,more,changed","1, 1, 1, 2, 3, 7, 15, 43",8
A165143,((4 mul x_0_6) add 8),"more,nonn","8, 10, 16, 20, 22, 32, 40, 48",8
A179183,(((x_0_2 add x_0_4) mul 2) add x_0_6),"nonn,more","1, 2, 2, 4, 7, 12, 19, 34",8
A187804,(x_0_5 mul 0),"nonn,more","1, 0, 3, 0, 19, 0, 0, 0",8
A208951,(((n sub 1))**2 add ((x_0_1 sub 1) idiv 2)),"nonn,more","0, 0, 3, 10, 20, 34, 52, 74",8
A212189,(x_0_1 add (x_0_6 mul 2)),"nonn,more","1, 1, 3, 2, 7, 12, 14, 16",8
A219114,((x_0_3 sub x_0_6) add (x_0_4 add x_0_2)),"nonn,hard,more","0, 1, 2, 4, 9, 12, 15, 24",8
A228412,((x_0_6 sub n) mod (9 add 5)),"nonn,base,more","0, 0, 8, 0, 9, 10, 7, 6",8
A230380,(((x_0_2)**2 idiv x_0_4) add 1),"nonn,more","1, 2, 2, 4, 5, 9, 13, 21",8
A230381,(x_0_2 add (x_0_5 add x_0_3)),"nonn,more","1, 2, 2, 2, 4, 5, 8, 11",8
A232832,(x_0_4 add (x_0_6 add 8)),"nonn,more","1, 2, 4, 5, 7, 8, 13, 15",8
A241947,(x_0_3 mul (2 mul x_0_6)),"nonn,more","1, 2, 3, 4, 5, 6, 8, 20",8
A242893,(x_0_2 add x_0_6),"nonn,more","9, 9, 9, 9, 18, 27, 27, 36",8
A244742,(x_0_1 add ((x_0_6 mul 3) add x_0_2)),"nonn,hard,more,changed","1, 2, 3, 6, 10, 19, 32, 57",8
A259545,((x_0_1 add (x_0_2 sub (x_0_3 add x_0_4))) mul 2),"nonn,more,hard","1, 2, 4, 7, 16, 34, 78, 178",8
A260666,(((x_0_1 sub x_0_4) mul 3) add x_0_5),"nonn,more","0, 0, 1, 2, 1, 3, 6, 13",8
A271520,(x_0_1 add (sign(x_0_6) mul x_0_1)),"nonn,hard,more","1, 1, 2, 4, 6, 8, 16, 32",8
A274290,(x_0_1 add (sign(x_0_6) mul 6)),"nonn,more","1, 8, 15, 21, 27, 34, 40, 46",8
A274984,(x_0_2 add (x_0_3 idiv x_0_6)),"nonn,cons,more","4, 5, 7, 2, 9, 5, 9, 6",8
A278919,(((x_0_1 sub sign(x_0_6)))**2 add 1),"nonn,more","3, 4, 5, 17, 26, 257, 65537, 4294967297",8
A282468,(x_0_5 add x_0_6),"nonn,cons,hard,more","1, 4, 4, 7, 1, 5, 5, 8",8
A282739,(x_0_1 add (sign(x_0_6) mul 6)),"nonn,hard,more","5, 7, 11, 17, 21, 25, 31, 37",8
A289424,((x_0_1 add 8) add x_0_6),"nonn,more","0, 4, 6, 8, 10, 16, 24, 36",8
A295695,(x_0_1 add (6 mod x_0_6)),"nonn,more","63, 66, 70, 73, 74, 79, 85, 91",8
A302097,(5 sub x_0_6),"nonn,hard,more","1, 2, 1, 1, 3, 4, 4, 3",8
A302098,(x_0_4 mul sign(x_0_6)),"nonn,hard,more","2, 1, 2, 3, 2, 4, 2, 3",8
A303129,((x_0_2 mod x_0_5) add 4),"nonn,cons,more","3, 6, 3, 6, 9, 4, 7, 5",8
A306348,(x_0_2 add (x_0_4 mul x_0_2)),"nonn,more","1, 2, 3, 4, 6, 12, 24, 60",8
A307028,(((x_0_1 idiv 2) mul 2) add (3 add n)),"nonn,more","1, 5, 10, 17, 24, 33, 42, 53",8
A307170,((x_0_4 mul 2) sub x_0_6),"nonn,more,hard","0, 0, 0, 12, 0, 21, 0, 24",8
A307685,((x_0_1 mul 2) add relu(((x_0_2 mul 3) sub 4))),"nonn,more","1, 3, 6, 17, 48, 143, 426, 1277",8
A307841,((x_0_4 mul 3) sub x_0_6),"nonn,more,hard","0, 0, 0, 12, 0, 51, 0, 36",8
A319044,x_0_6,"nonn,more","3, 2, 5, 2, 13, 2, 3, 2",8
A323252,((x_0_1 add (x_0_1 mod 4)) add x_0_6),"nonn,more,base","2, 3, 5, 6, 7, 8, 10, 15",8
A326294,(((x_0_1 sub x_0_2) mul 4) add (x_0_1 add (n sub 2))),"nonn,more","1, 1, 2, 8, 35, 147, 600, 2418",8
A326340,((x_0_1 mul 2) add (x_0_5 mul x_0_3)),"nonn,more","1, 1, 1, 1, 4, 9, 19, 42",8
A326339,(x_0_1 mul (4 sub sign(x_0_4))),"nonn,more","1, 0, 1, 4, 12, 36, 108, 324",8
A327949,((4)**2 idiv x_0_6),"nonn,cons,more","8, 5, 7, 4, 3, 8, 2, 3",8
A327955,(x_0_4 sub (x_0_1 sub x_0_6)),"nonn,cons,more","5, 5, 8, 5, 6, 9, 4, 6",8
A330442,(x_0_4 mul (n add x_0_6)),"nonn,more","1, 1, 1, 2, 3, 6, 8, 18",8
A331370,(x_0_5 add (n mod 7)),"nonn,cons,more","1, 8, 7, 2, 1, 7, 8, 8",8
A335445,(x_0_3 add (x_0_1 sub x_0_5)),"nonn,hard,more","1, 4, 8, 13, 21, 28, 37, 50",8
A337261,(6 add (x_0_6 add 5)),"nonn,base,more","0, 1, 2, 3, 8, 9, 11, 12",8
A338729,(((x_0_1 mul 3) sub (x_0_2 add (n sub 2))) add x_0_3),"nonn,more","1, 1, 2, 4, 8, 18, 45, 119",8
A339656,(((x_0_1 sub x_0_4) mul 2) add x_0_6),"nonn,more","1, 2, 4, 8, 15, 28, 49, 84",8
A340984,((x_0_1)**2 add (x_0_6 add 1)),"nonn,hard,more,nice","1, 1, 0, 0, 1, 0, 2, 6",8
A341824,((x_0_1 mul (3 sub (x_0_3 mod 2))) sub x_0_2),"nonn,more","1, 1, 2, 3, 4, 9, 14, 33",8
A343844,(x_0_1 add ((x_0_1 sub n) add (n mod 8))),"nonn,more","1, 2, 4, 8, 16, 32, 64, 120",8
A345438,x_0_5,"nonn,more","2, 4, 4, 4, 4, 2, 4, 4",8
A345900,(relu(((abs(6) mod (-9 mod abs(n))))**2) add n),"nonn,hard,more","1, 2, 3, 4, 5, 6, 8, 44",8
A350271,((x_0_2 mul 6) sub (x_0_4 mul 8)),"nonn,hard,more","0, 1, 2, 6, 12, 28, 56, 120",8
A350685,(x_0_1 add ((x_0_6 mul 3) add 6)),"nonn,hard,more","0, 1, 6, 12, 18, 27, 33, 42",8
A353070,(x_0_1 add (2 mod x_0_5)),"nonn,more","3, 5, 8, 10, 13, 15, 17, 19",8
A355240,((10 add x_0_1) add x_0_6),"nonn,more","3, 8, 13, 44, 75, 88, 101, 119",8
A357500,(x_0_2 add ((x_0_2 sub x_0_4) add x_0_6)),"nonn,more","1, 1, 7, 9, 15, 21, 24, 34",8
A358355,((n sub 2) add (x_0_1 add x_0_6)),"nonn,more","0, 1, 1, 2, 3, 6, 11, 18",8
A000510,(x_0_5 add 8),"nonn,hard,more","7, 9, 9, 11, 15, 15, 17",7
A000633,((x_0_2 mul 6) add (x_0_3 mod x_0_4)),"nonn,more","1, 1, 3, 7, 18, 42, 109",7
A004740,(x_0_2 sub (3 sub x_0_6)),"word,nonn,more","8, 8000000000, 8000000008, 8000000018, 8000000080, 8000000088, 8000000085",7
A010896,((n sub x_0_6) mul (5)**2),"nonn,hard","3, 10, 19, 32, 49, 72, 100",7
A011980,((n mul 2) add (x_0_4 add 1)),"nonn,hard","1, 4, 5, 8, 12, 17, 20",7
A011981,(x_0_1 add ((9 add x_0_2) mod 5)),"nonn,hard","1, 4, 4, 7, 10, 11, 15",7
A013578,(x_0_3 add (x_0_4 add 7)),"nonn,hard,more","1, 2, 4, 5, 10, 13, 16",7
A030027,((x_0_1 add x_0_1) sub x_0_6),"nonn,more","0, 1, 9, 8, 73, 126, 252",7
A030070,(1 add x_0_6),"nonn,frac,more","1, 9, 4, 5, 5, 9, 2",7
A030071,(2 add x_0_6),"nonn,frac,more","1, 10, 5, 7, 7, 13, 3",7
A033857,((x_0_1 mul (2 mod x_0_6)) add x_0_1),"nonn,more","35, 44, 56, 105, 198, 418, 1254",7
A039669,(x_0_1 add ((n sub sign(x_0_6)) mul 5)),"nonn,hard,more","4, 7, 15, 21, 45, 75, 105",7
A055166,(5 idiv sign(x_0_5)),"nonn,hard","4, 6, 4, 8, 6, 5, 5",7
A057578,(x_0_1 add (x_0_1 add (x_0_3 sub x_0_5))),"nonn,more","1, 1, 1, 3, 9, 18, 38",7
A057576,(((x_0_1 sub x_0_6) add x_0_1) add x_0_6),"nonn,more","3, 6, 9, 18, 28, 54, 108",7
A057720,(8 sub x_0_4),"cons,hard,nonn","2, 0, 6, 7, 6, 8, 2",7
A058668,((x_0_1 add x_0_3) add (x_0_4 mul 5)),"nonn,nice,more","0, 1, 2, 5, 6, 13, 28",7
A059709,((n add n) sub (2 add (n mod -5))),"nonn,more","4, 5, 6, 7, 8, 14, 15",7
A063551,((-5 mod x_0_2) add 8),"nonn,hard","3, 7, 9, 10, 12, 13, 15",7
A064513,((x_0_1 add (x_0_4 mul 2)) sub x_0_6),"nonn,nice,hard,more","2, 5, 10, 15, 24, 32, 50",7
A064818,((x_0_1 add 6) add x_0_6),"nonn,base,nice,more","1, 2, 24, 25, 36, 64, 71",7
A066494,(x_0_2 add (x_0_5 add x_0_3)),"more,nonn,fini","1, 3, 8, 9, 12, 18, 24",7
A067568,(x_0_3 add (x_0_4 add 8)),"nonn,more","0, 1, 2, 5, 9, 11, 15",7
A068530,((x_0_1 mul 2) add x_0_6),"more,nonn","5, 13, 7, 7, 11, 37, 79",7
A068529,((4 mul 6) add x_0_6),"more,nonn","9, 25, 32, 32, 23, 26, 33",7
A079811,(x_0_6 add 9),"more,nonn","1, 2, 2, 6, 7, 10, 10",7
A082726,sign(x_0_5),"nonn,cofr,hard,more","0, 137, 27, 1, 3, 1, 1",7
A083787,((x_0_1 mul (x_0_4 add 1)) idiv x_0_6),"nonn,more","1, 2, 6, 60, 60, 60, 420",7
A085700,((x_0_1 add x_0_6) add x_0_6),"more,nonn","2, 4, 26, 112, 365, 449, 453",7
A087037,(x_0_4 mul x_0_5),"nonn,more,hard","1, 1, 2, 1, 444, 1, 2",7
A087176,(x_0_5 add 5),"hard,nonn","5, 6, 9, 9, 9, 10, 11",7
A090762,(x_0_1 sub (2 sub x_0_6)),"nonn,more","96, 176, 184, 188, 189, 191, 285",7
A091107,(((x_0_1 sub x_0_6) mul 2) add (x_0_1 add 4)),"nonn,more","0, 1, 2, 9, 23, 68, 208",7
A091118,(x_0_1 add (x_0_6 add 9)),"nonn,more","0, 1, 16, 22, 25, 37, 46",7
A092132,(x_0_3 add (x_0_4 add x_0_5)),"nonn,more","10, 12, 14, 16, 18, 36, 42",7
A096340,(n mul sign(x_0_5)),"nonn,cons,more","0, 1, 8, 5, 0, 6, 7",7
A097879,sign(x_0_6),"more,nonn,cons","2, 4, 7, 0, 7, 7, 1",7
A098239,((x_0_1 add (x_0_2 sub x_0_4)) mul x_0_6),"nonn,hard,more","1, 2, 6, 8, 47, 136, 177",7
A098403,x_0_6,"cons,more,nonn","1, 5, 0, 6, 5, 9, 1",7
A100983,(x_0_6 add x_0_6),"hard,nonn","1, 7, 2, 59, 2, 47, 2",7
A104114,(x_0_1 mul (2 add x_0_6)),"nice,nonn,hard,more","1, 2, 6, 24, 48, 432, 1296",7
A110486,(x_0_1 mul x_0_6),"base,hard,nonn","1, 26, 227, 1629, 49517, 125488, 125488",7
A110887,((x_0_1 add (x_0_1 sub x_0_6)) mul 2),"hard,more,nonn","1, 1, 2, 3, 7, 19, 74",7
A111189,(x_0_1 add (((n sub sign(x_0_6)))**2 mul 5)),"nonn,more","1, 2, 3, 9, 20, 75, 255",7
A111303,(x_0_1 mul ((x_0_1 idiv x_0_6) add 2)),"nonn,hard,more","1, 3, 15, 63, 255, 65535, 4294967295",7
A113917,(x_0_6)**2,"nonn,hard","2, 1849, 2, 266423227914725931, 3100840870711697060720215047, 845486430620513036335402848567278325780455810752216401, 4",7
A113918,x_0_6,"nonn,hard","2, 18, 2, 3050, 34762, 3087549, 2",7
A113913,(x_0_1 add (x_0_6 add x_0_3)),"hard,more,nonn","1, 2, 4, 6, 11, 20, 27",7
A115091,((n)**2 add (x_0_1 add sign(x_0_6))),"hard,more,nonn","5, 11, 13, 47, 71, 563, 613",7
A119010,x_0_6,"nonn,more","0, 4, 0, 192, 8960, 371200, 0",7
A122224,((x_0_1 add n) add x_0_6),"hard,more,nonn","1, 4, 8, 14, 21, 32, 40",7
A123849,(x_0_1 add ((n idiv 4) mul 10)),"nonn,more","1, 1, 1, 11, 21, 31, 41",7
A126016,((x_0_1 add 80) add (3 sub x_0_6)),"hard,nonn","6, 25, 28, 95, 119, 143, 220",7
A127500,(x_0_2 add x_0_6),"hard,more,nonn","5, 9, 9, 12, 13, 16, 18",7
A128037,(x_0_4 add 8),"nonn,nice,more","4, 4, 6, 9, 12, 12, 14",7
A128666,((x_0_1 sub x_0_6) add x_0_1),"hard,more,nonn","5, 2, 7, 10429, 5, 11, 17",7
A138005,((x_0_1 add n) add x_0_6),"nonn,more","17, 41, 73, 97, 109, 113, 137",7
A144530,((x_0_2 mul 7) sub (x_0_4 mul 5)),"nonn,more","0, 1, 2, 6, 14, 37, 88",7
A151900,((x_0_1 add x_0_5) sub x_0_6),"hard,more,nonn","19, 24, 53, 59, 67, 68, 73",7
A155105,((((x_0_1)**2 mul 2) idiv x_0_2) sub x_0_1),"nonn,more","1, 4, 28, 364, 9100, 445900, 43252300",7
A155745,(((x_0_1)**2 idiv x_0_3) add (3 sub n)),"hard,nonn","1, 1, 2, 3, 7, 21, 143",7
A161210,((x_0_1 add sign(x_0_4)) add 6),"more,nonn","0, 1, 3, 7, 14, 21, 28",7
A161214,((x_0_3 add x_0_1) sub x_0_6),"more,nonn","0, 3, 9, 21, 42, 63, 84",7
A161212,((x_0_3 add x_0_1) sub x_0_6),"more,nonn","0, 2, 6, 14, 28, 42, 56",7
A161216,((x_0_3 add x_0_1) sub x_0_6),"more,nonn","0, 4, 12, 28, 56, 84, 112",7
A162570,((x_0_1 add n) add x_0_6),"nonn,hard,more","1, 2, 3, 4, 6, 7, 15",7
A166487,(x_0_4 mul x_0_6),"hard,more,nonn","1, 1, 0, 2, 32, 26, 0",7
A166489,(x_0_6 sub x_0_6),"hard,more,nonn","2, 12, 0, 480, 374400, 3528000, 0",7
A166490,(256 idiv x_0_6),"hard,more,nonn","1152, 172800, 0, 12192768000, 608662978560000, 464573723443200000, 0",7
A169761,((x_0_1 add 4) add x_0_6),"nonn,more","6, 7, 9, 12, 18, 24, 34",7
A169762,(x_0_1 add ((x_0_4 mul 4) add 1)),"nonn,more","1, 1, 2, 4, 9, 14, 23",7
A169870,(x_0_1 add sign(x_0_6)),"nonn,more","9, 10, 14, 15, 17, 20, 21",7
A171690,(x_0_6 sub x_0_6),"nonn,more","1, 1, 2, 6, 44, 614, 0",7
A173903,(x_0_6 add (5)**2),"nonn,hard,more","2, 3, 12, 15, 18, 21, 27",7
A175975,(x_0_3 add x_0_6),"base,more,nonn","8, 12, 17, 22, 23, 27, 30",7
A177101,(x_0_2 add (sign(x_0_5) mul 7)),"more,nonn,obsc,uned","1, 2, 4, 7, 13, 14, 20",7
A177241,(x_0_2 mul sign(x_0_5)),"more,nonn","0, 1, 4, 4, 16, 4, 16",7
A181023,((n)**2 sub ((x_0_3 idiv 2) add n)),"nonn,more","1, 4, 9, 12, 18, 26, 36",7
A181026,((x_0_1 add n) add x_0_6),"nonn,more","3, 6, 12, 18, 25, 34, 44",7
A181025,((x_0_1 mul sign(x_0_6)) add 8),"nonn,more","2, 6, 9, 15, 22, 31, 39",7
A181027,(x_0_4 add (x_0_1 sub x_0_6)),"nonn,more","3, 8, 15, 20, 28, 38, 50",7
A184970,x_0_6,"nonn,hard,more,tabf","1, 5, 1547, 21609300, 1, 733351105933, 1",7
A184971,x_0_6,"nonn,hard,more,tabf","1, 5, 1547, 21609301, 1, 733351105934, 1",7
A187089,(x_0_5 add 2),"nonn,cons,more","2, 4, 7, 3, 9, 4, 6",7
A187679,((x_0_2 add 2) add relu((x_0_1 sub 4))),"nonn,more","1, 1, 3, 3, 5, 6, 9",7
A191717,((n)**2 add (x_0_1 sub x_0_6)),"nonn,hard","3, 5, 18, 23, 78, 131, 177",7
A192078,((x_0_1 mul 2) add (3 sub x_0_6)),"nonn,more","1, 2, 4, 8, 12, 18, 38",7
A194800,(x_0_1 add ((x_0_1 sub x_0_4) add x_0_6)),"nonn,more","0, 3, 11, 17, 31, 39, 67",7
A194802,(x_0_1 add ((n sub sign(x_0_6)) mul 2)),"nonn,more","0, 5, 9, 23, 29, 45, 57",7
A194941,(x_0_1 add (101 sub x_0_6)),"nonn,more","36, 28, 45, 66, 91, 160, 225",7
A195337,(x_0_5 add (6)**2),"base,nonn,more","2, 3, 5, 7, 11, 38, 39",7
A196579,(x_0_6 add 37),"nonn,more","33, 43, 44, 59, 50, 77, 70",7
A196581,(x_0_6 add 110),"nonn,more","88, 122, 123, 192, 148, 241, 198",7
A196571,(x_0_6 add (4)**2),"nonn,more","17, 20, 22, 27, 23, 34, 33",7
A199295,x_0_6,"hard,more,nonn","2, 17, 2, 2424833, 2, 769, 2",7
A214442,x_0_6,"nonn,more","3, 18, 3318, 39193162, 943016093, 390502539, 3",7
A217007,((x_0_1 sub x_0_6) add (6)**2),"nonn,more,hard","35, 40, 53, 54, 56, 66, 67",7
A217008,(x_0_6 add (5)**2),"nonn,more,hard","27, 40, 41, 42, 45, 49, 52",7
A217060,(x_0_1 add (x_0_5 idiv 6)),"nonn,more,hard","32, 40, 48, 56, 60, 65, 71",7
A225884,(((x_0_1 sub x_0_4) mul 2) add x_0_6),"nonn,base,more","0, 1, 3, 6, 120, 153, 300",7
A227230,((x_0_2 mul 4) sub x_0_5),"nonn,more","1, 2, 3, 5, 6, 19, 22",7
A227537,x_0_6,"nonn,hard,base","7, 5, 6, 8, 5, 6, 7",7
A231623,(x_0_1 idiv x_0_6),"nonn,hard,more","1, 1, 1, 2987, 801339, 221355125, 221355125",7
A232996,((((n sub sign(x_0_3)) idiv 3) mul 4) add (x_0_1 add 2)),"nonn,more","1, 4, 8, 14, 20, 26, 36",7
A241162,(x_0_4 mul x_0_6),"nonn,more","10, 14, 30, 60, 82, 168, 300",7
A242890,(x_0_1 add x_0_6),"nonn,more","8, 16, 16, 16, 16, 16, 24",7
A242895,((n sub sign(x_0_1)) mul 5),"nonn,more","5, 5, 10, 15, 20, 25, 30",7
A243013,((x_0_3 mul x_0_1) idiv x_0_6),"more,nonn","1, 1, 1, 3, 5, 12, 36",7
A244436,((4 mul 6) add x_0_6),"nonn,more","4, 7, 13, 14, 21, 27, 28",7
A248650,(1 add abs((x_0_2 sub x_0_5))),"nonn,cons,hard","1, 6, 7, 3, 5, 3, 2",7
A249305,((x_0_1 sub x_0_6) add (6)**2),"nonn,more","2, 89, 149, 151, 383, 409, 443",7
A250298,(x_0_1 add (x_0_1 sub x_0_6)),"hard,more,nonn","3, 5, 11, 13, 29, 53, 103",7
A259230,((64 mul x_0_5) idiv x_0_6),"nonn,hard,more","1, 6, 1, 24, 64, 1, 384",7
A260818,((x_0_1 add n) sub x_0_6),"nonn,hard,more","1, 3, 5, 12, 14, 35, 41",7
A263630,((2 mul (x_0_1 add x_0_6)) sub x_0_3),"sign,more","0, 8, 24, -2, 32, 20, 42",7
A263631,((x_0_1 add 5) add x_0_6),"sign,more","0, 2, 12, -2, 10, 11, 16",7
A266479,(4 add x_0_6),"nonn,hard,more","0, 2, 2, 6, 3, 20, 4",7
A269560,(((x_0_2 sub x_0_4) mul 5) add x_0_3),"hard,more,nonn","1, 3, 7, 15, 33, 67, 145",7
A272389,(x_0_6 add (x_0_1 sub x_0_6)),"nonn,more","117, 160, 203, 225, 318, 319, 319",7
A272589,(((n sub 4))**2 add (x_0_1 add (x_0_4 sub 1))),"nonn,more","1, 2, 4, 6, 7, 12, 24",7
A274767,(x_0_5 add x_0_6),"nonn,cons,fini,more","2, 3, 4, 7, 1, 2, 5",7
A280537,(x_0_1 add (2 mod x_0_5)),"nonn,more,hard","5, 8, 10, 13, 16, 18, 20",7
A281663,((2 mul (x_0_1 add (3 sub n))) sub x_0_6),"nonn,more","1, 8, 12, 40, 56, 225, 441",7
A281705,((5)**2 idiv x_0_6),"nonn,word,more","4, 3, 3, 3, 5, 5, 6",7
A281818,((x_0_2 add x_0_4) add x_0_6),"sign,more","5, 130, 13, 104, 1, 71, 19",7
A281961,abs((x_0_1 sub x_0_6)),"nonn,cons,more","6, 2, 6, 6, 4, 2, 4",7
A283056,(1 add (x_0_2 add sign(x_0_4))),"nonn,more","0, 7, 9, 11, 11, 13, 13",7
A284434,(((x_0_2)**2 idiv x_0_4) add x_0_2),"nonn,more","1, 2, 1, 6, 2, 24, 6",7
A288676,(x_0_1 add (3 mod x_0_6)),"nonn,more","5, 22, 25, 26, 31, 36, 39",7
A290464,((x_0_1 sub (n idiv -3)) add x_0_2),"nonn,more","0, 1, 2, 5, 9, 16, 28",7
A292550,((n sub (n mod -3)) add x_0_2),"nonn,hard,more","1, 2, 4, 8, 10, 14, 19",7
A295694,((x_0_1 sub x_0_6) add 62),"nonn,more","36, 41, 44, 45, 53, 56, 82",7
A295697,((x_0_1 idiv 2) add (x_0_6 add n)),"nonn,more","60, 65, 68, 69, 77, 90, 112",7
A295698,(x_0_1 add (x_0_6 mod 9)),"nonn,more","87, 94, 96, 97, 98, 103, 109",7
A302508,(x_0_1 add (x_0_6 mul 9)),"nonn,more","4, 8, 16, 29, 50, 76, 112",7
A305333,((x_0_3)**2 idiv x_0_6),"nonn,hard,more","1, 2, 1, 4, 1, 1, 16",7
A308550,((x_0_1 add 6) add x_0_6),"nonn,more","2, 7, 11, 14, 19, 25, 33",7
A309088,(((x_0_1 add x_0_5) mul 3) sub x_0_2),"nonn,hard,more","1, 1, 1, 1, 2, 8, 25",7
A309114,((x_0_1 mul (2 add n)) add x_0_6),"nonn,more","1, 0, 1, 3, 8, 23, 208",7
A309832,((x_0_1 add n) add (x_0_6 add x_0_2)),"hard,more,nonn","3, 5, 7, 14, 23, 41, 74",7
A316195,((n sub x_0_6) mul (x_0_1 add x_0_2)),"nonn,walk,more","0, 0, 2, 1, 18, 45, 441",7
A318234,((x_0_1 mul 3) sub (x_0_2 add (n mod x_0_3))),"nonn,more","1, 1, 2, 5, 13, 34, 87",7
A318568,(((x_0_1 sub x_0_6) mul 2) add x_0_5),"nonn,base,more","5, 7, 17, 37, 107, 137, 271",7
A319926,(x_0_2 add x_0_6),"nonn,more","4, 7, 8, 11, 12, 14, 16",7
A319964,((x_0_2 add 9) sub x_0_6),"nonn,more","0, 2, 8, 14, 15, 19, 24",7
A327957,(6 sub x_0_6),"nonn,cons,more","1, 0, 4, 1, 8, 7, 5",7
A327958,(3 sub x_0_6),"nonn,cons,more","1, 9, 1, 3, 0, 4, 2",7
A330022,((x_0_2 add (x_0_2 sub x_0_4)) add x_0_2),"nonn,more","0, 2, 4, 8, 12, 22, 32",7
A330990,((x_0_4 mul x_0_1) sub x_0_6),"nonn,more","1, 2, 3, 4, 6, 15, 44",7
A333078,(x_0_4 mul (n add x_0_6)),"nonn,hard,more","1, 2, 1, 6, 2, 44, 8",7
A334457,(x_0_2 add x_0_5),"nonn,more","4, 5, 6, 9, 11, 13, 16",7
A334456,(((n)**2 add x_0_1) sub x_0_6),"nonn,more","7, 11, 16, 37, 56, 79, 121",7
A334811,((x_0_1 add (x_0_1 sub sign(x_0_4))) mul 2),"nonn,more,hard","1, 2, 5, 12, 46, 182, 726",7
A336764,(n sub x_0_6),"nonn,hard,more","0, 0, 1, 0, 0, 4, 7",7
A337638,((x_0_1 add x_0_2) add ((x_0_2)**2 idiv 3)),"nonn,more","1, 2, 3, 6, 12, 30, 90",7
A339449,(x_0_5 add (x_0_1 sub x_0_6)),"nonn,base,more","0, 4, 386, 398, 2919434, 2919644, 2919648",7
A339843,(((x_0_1)**2 idiv x_0_2) add (x_0_3 add x_0_4)),"nonn,more","1, 1, 3, 9, 29, 97, 336",7
A339844,(((x_0_1 sub x_0_2) mul 5) sub x_0_6),"nonn,more","1, 2, 6, 16, 51, 162, 554",7
A341202,(5 add x_0_6),"nonn,mult,more","1, 6, 6, 16, 6, 36, 6",7
A341201,(x_0_5 mul x_0_6),"nonn,mult,more","1, 7, 7, 27, 7, 49, 7",7
A349421,(x_0_1 sub (1 sub x_0_6)),"nonn,more,hard","14, 19, 29, 32, 33, 39, 52",7
A350142,(((x_0_1 sub sign(x_0_5)))**2 add 1),"nonn,hard,more","3, 5, 17, 65, 257, 65537, 4294967297",7
A350293,((x_0_1 add (x_0_3 idiv 3)) mul 2),"nonn,more","1, 2, 6, 12, 24, 52, 112",7
A350547,((x_0_1 add n) add x_0_6),"nonn,hard,more","1, 4, 9, 15, 22, 28, 36",7
A351413,((x_0_1 idiv x_0_6) add (x_0_4 add x_0_3)),"nonn,hard,more","1, 2, 3, 10, 9, 48, 61",7
A351984,((n sub x_0_6) mul x_0_1),"nonn,hard,more","1, 2, 6, 24, 120, 840, 5040",7
A352814,(x_0_1 add (((n mod 2) mul 2) add n)),"nonn,more","1, 3, 8, 12, 19, 25, 34",7
A356368,(x_0_1 add sign(x_0_6)),"nonn,hard,more","88, 98, 99, 110, 163, 177, 178",7
A356643,(x_0_6 idiv 2),"nonn,more","1, 0, 0, 0, 612, 22411, 0",7
A356649,(x_0_1 add (x_0_6 add x_0_3)),"nonn,hard,more","1, 2, 5, 12, 20, 36, 49",7
A356671,((x_0_2 add 6) add x_0_6),"nonn,more","2, 7, 8, 10, 14, 18, 22",7
A357360,(((x_0_1 sub (x_0_2 mod 3)) mul 2) add x_0_2),"nonn,more","0, 1, 2, 3, 4, 11, 24",7
A357359,((x_0_1 sub x_0_6) add (4)**2),"nonn,more","5, 8, 14, 21, 28, 39, 50",7
A357473,(5 add (x_0_5 add n)),"nonn,more,hard,changed","1, 0, 0, 10, 8, 12, 12",7
A357951,((x_0_2 mul 4) add x_0_5),"nonn,more,hard","2, 2, 4, 6, 16, 26, 66",7
A358266,((x_0_1 add n) add (x_0_6 mul 9)),"nonn,hard,more","3, 10, 12, 141, 278, 387, 421",7
A358394,(9 sub x_0_6),"nonn,more,hard","1, 0, 0, 10, 7, 0, 8",7
A359568,((x_0_1 mul 2) add ((6 sub x_0_2) idiv 5)),"nonn,more","0, 1, 3, 7, 14, 27, 52",7
A360030,((n sub sign(x_0_4)) add 6),"nonn,more","1, 3, 5, 8, 10, 11, 12",7
